record_id|council_clean|category_clean|year_clean|document_title_clean|file_type_clean|document_url_clean|source_page_clean|retrieved_at_utc_clean|council|category|year_raw|document_title_raw|document_url|file_type|source_page|retrieved_at_utc
RES0001|Samfya Town Council|Community Projects||List of Proposed Projects From WDCs By Ward|pdf|http://www.samfyacouncil.gov.zm/wp-content/uploads/2025/06/List-of-Proposed-Projects-From-WDCs-By-Ward.pdf|https://www.samfyacouncil.gov.zm/?page_id=2029|2026-09-11T15:58:03Z|Samfya Town Council|community_projects||List of Proposed Projects From WDCs By Ward|http://www.samfyacouncil.gov.zm/wp-content/uploads/2025/06/List-of-Proposed-Projects-From-WDCs-By-Ward.pdf|pdf|https://www.samfyacouncil.gov.zm/?page_id=2029|2026-09-11T15:58:03+00:00
RES0002|Samfya Town Council|Community Projects|2025|List Of Approved Community Projects 2025|pdf|http://www.samfyacouncil.gov.zm/wp-content/uploads/2025/11/List-Of-Approved-Community-Projects-2025.pdf|https://www.samfyacouncil.gov.zm/?page_id=2029|2026-09-11T15:58:03Z|Samfya Town Council|community_projects|2025|List Of Approved Community Projects 2025|http://www.samfyacouncil.gov.zm/wp-content/uploads/2025/11/List-Of-Approved-Community-Projects-2025.pdf|pdf|https://www.samfyacouncil.gov.zm/?page_id=2029|2026-09-11T15:58:03+00:00
RES0003|Samfya Town Council|Community Projects||List of Deffered Projects By Ward|pdf|http://www.samfyacouncil.gov.zm/wp-content/uploads/2025/07/List-of-Deffered-Projects-By-Ward.pdf|https://www.samfyacouncil.gov.zm/?page_id=2029|2026-09-11T15:58:03Z|Samfya Town Council|community_projects||List of Deffered Projects By Ward|http://www.samfyacouncil.gov.zm/wp-content/uploads/2025/07/List-of-Deffered-Projects-By-Ward.pdf|pdf|https://www.samfyacouncil.gov.zm/?page_id=2029|2026-09-11T15:58:03+00:00
RES0004|Samfya Town Council|Community Projects|2025|Justification of Deffered Community Projects By Ward 2025|pdf|http://www.samfyacouncil.gov.zm/wp-content/uploads/2025/11/Justification-of-Deffered-Community-Projects-By-Ward-2025.pdf|https://www.samfyacouncil.gov.zm/?page_id=2029|2026-09-11T15:58:03Z|Samfya Town Council|community_projects|2025|Justification of Deffered Community Projects By Ward 2025|http://www.samfyacouncil.gov.zm/wp-content/uploads/2025/11/Justification-of-Deffered-Community-Projects-By-Ward-2025.pdf|pdf|https://www.samfyacouncil.gov.zm/?page_id=2029|2026-09-11T15:58:03+00:00
RES0005|Samfya Town Council|Community Projects|2025|Conveyance Notification for Approval 2025 CDF Projects|pdf|http://www.samfyacouncil.gov.zm/wp-content/uploads/2025/12/Conveyance-Notification-for-Approval-2025-CDF-Projects.pdf|https://www.samfyacouncil.gov.zm/?page_id=2029|2026-09-11T15:58:03Z|Samfya Town Council|community_projects|2025|Conveyance Notification for Approval 2025 CDF Projects|http://www.samfyacouncil.gov.zm/wp-content/uploads/2025/12/Conveyance-Notification-for-Approval-2025-CDF-Projects.pdf|pdf|https://www.samfyacouncil.gov.zm/?page_id=2029|2026-09-11T15:58:03+00:00
RES0006|Samfya Town Council|Community Projects|2024|2024 CDF Approved Community Project|pdf|http://www.samfyacouncil.gov.zm/wp-content/uploads/2025/06/2024-CDF-Approved-Community-Project.pdf|https://www.samfyacouncil.gov.zm/?page_id=2029|2026-09-11T15:58:03Z|Samfya Town Council|community_projects|2024|2024 CDF Approved Community Project|http://www.samfyacouncil.gov.zm/wp-content/uploads/2025/06/2024-CDF-Approved-Community-Project.pdf|pdf|https://www.samfyacouncil.gov.zm/?page_id=2029|2026-09-11T15:58:03+00:00
RES0007|Samfya Town Council|Community Projects|2023|Approval – CDF 2023 Community Projects|pdf|http://www.samfyacouncil.gov.zm/wp-content/uploads/2025/06/Approval-CDF-2023-Community-Projects.pdf|https://www.samfyacouncil.gov.zm/?page_id=2029|2026-09-11T15:58:03Z|Samfya Town Council|community_projects|2023|Approval – CDF 2023 Community Projects|http://www.samfyacouncil.gov.zm/wp-content/uploads/2025/06/Approval-CDF-2023-Community-Projects.pdf|pdf|https://www.samfyacouncil.gov.zm/?page_id=2029|2026-09-11T15:58:03+00:00
RES0008|Samfya Town Council|Community Projects|2022|COMMUNITY PROJECT APPROVAL 2022|pdf|http://www.samfyacouncil.gov.zm/wp-content/uploads/2025/06/COMMUNITY-PROJECT-APPROVAL-2022.pdf|https://www.samfyacouncil.gov.zm/?page_id=2029|2026-09-11T15:58:03Z|Samfya Town Council|community_projects|2022|COMMUNITY PROJECT APPROVAL 2022|http://www.samfyacouncil.gov.zm/wp-content/uploads/2025/06/COMMUNITY-PROJECT-APPROVAL-2022.pdf|pdf|https://www.samfyacouncil.gov.zm/?page_id=2029|2026-09-11T15:58:03+00:00
RES0009|Samfya Town Council|Community Projects|2022|2022 APPROVED|pdf|http://www.samfyacouncil.gov.zm/wp-content/uploads/2025/06/2022-APPROVED.pdf|https://www.samfyacouncil.gov.zm/?page_id=2029|2026-09-11T15:58:03Z|Samfya Town Council|community_projects|2022|2022 APPROVED|http://www.samfyacouncil.gov.zm/wp-content/uploads/2025/06/2022-APPROVED.pdf|pdf|https://www.samfyacouncil.gov.zm/?page_id=2029|2026-09-11T15:58:03+00:00
RES0010|Samfya Town Council|Grants And Loans|2025|Approval – CDF 2025 Empowerment Grants|pdf|http://www.samfyacouncil.gov.zm/wp-content/uploads/2025/06/Approval-CDF-2025-Empowerment-Grants.pdf|https://www.samfyacouncil.gov.zm/?page_id=2097|2026-09-11T15:58:11Z|Samfya Town Council|grants_and_loans|2025|Approval – CDF 2025 Empowerment Grants|http://www.samfyacouncil.gov.zm/wp-content/uploads/2025/06/Approval-CDF-2025-Empowerment-Grants.pdf|pdf|https://www.samfyacouncil.gov.zm/?page_id=2097|2026-09-11T15:58:11+00:00
RES0011|Samfya Town Council|Grants And Loans|2024|2024 APPROVED GRANTS|pdf|http://www.samfyacouncil.gov.zm/wp-content/uploads/2025/06/2024-APPROVED-GRANTS-LETTER.pdf|https://www.samfyacouncil.gov.zm/?page_id=2097|2026-09-11T15:58:11Z|Samfya Town Council|grants_and_loans|2024|2024 APPROVED GRANTS|http://www.samfyacouncil.gov.zm/wp-content/uploads/2025/06/2024-APPROVED-GRANTS-LETTER.pdf|pdf|https://www.samfyacouncil.gov.zm/?page_id=2097|2026-09-11T15:58:11+00:00
RES0012|Samfya Town Council|Grants And Loans|2024|CDF 2024 GRANTS|pdf|http://www.samfyacouncil.gov.zm/wp-content/uploads/2025/06/CDF-2024-GRANTS-APPROVED.pdf|https://www.samfyacouncil.gov.zm/?page_id=2097|2026-09-11T15:58:11Z|Samfya Town Council|grants_and_loans|2024|CDF 2024 GRANTS|http://www.samfyacouncil.gov.zm/wp-content/uploads/2025/06/CDF-2024-GRANTS-APPROVED.pdf|pdf|https://www.samfyacouncil.gov.zm/?page_id=2097|2026-09-11T15:58:11+00:00
RES0013|Samfya Town Council|Grants And Loans|2024|2024 CDF LOAN|pdf|http://www.samfyacouncil.gov.zm/wp-content/uploads/2025/06/2024-CDF-LOAN.pdf|https://www.samfyacouncil.gov.zm/?page_id=2097|2026-09-11T15:58:11Z|Samfya Town Council|grants_and_loans|2024|2024 CDF LOAN|http://www.samfyacouncil.gov.zm/wp-content/uploads/2025/06/2024-CDF-LOAN.pdf|pdf|https://www.samfyacouncil.gov.zm/?page_id=2097|2026-09-11T15:58:11+00:00
RES0014|Samfya Town Council|Grants And Loans|2023|Approval of 2023 Grants|pdf|http://www.samfyacouncil.gov.zm/wp-content/uploads/2025/06/Approval-of-2023-Grants.pdf|https://www.samfyacouncil.gov.zm/?page_id=2097|2026-09-11T15:58:11Z|Samfya Town Council|grants_and_loans|2023|Approval of 2023 Grants|http://www.samfyacouncil.gov.zm/wp-content/uploads/2025/06/Approval-of-2023-Grants.pdf|pdf|https://www.samfyacouncil.gov.zm/?page_id=2097|2026-09-11T15:58:11+00:00
RES0015|Samfya Town Council|Grants And Loans|2023|2023 Loans approval|pdf|http://www.samfyacouncil.gov.zm/wp-content/uploads/2025/06/2023-Loans-approval.pdf|https://www.samfyacouncil.gov.zm/?page_id=2097|2026-09-11T15:58:11Z|Samfya Town Council|grants_and_loans|2023|2023 Loans approval|http://www.samfyacouncil.gov.zm/wp-content/uploads/2025/06/2023-Loans-approval.pdf|pdf|https://www.samfyacouncil.gov.zm/?page_id=2097|2026-09-11T15:58:11+00:00
RES0016|Samfya Town Council|Grants And Loans|2023|-2023 Approved CDF Loans|pdf|http://www.samfyacouncil.gov.zm/wp-content/uploads/2025/06/2023-Approved-CDF-Loans.pdf|https://www.samfyacouncil.gov.zm/?page_id=2097|2026-09-11T15:58:11Z|Samfya Town Council|grants_and_loans|2023|-2023 Approved CDF Loans|http://www.samfyacouncil.gov.zm/wp-content/uploads/2025/06/2023-Approved-CDF-Loans.pdf|pdf|https://www.samfyacouncil.gov.zm/?page_id=2097|2026-09-11T15:58:11+00:00
RES0017|Samfya Town Council|Grants And Loans|2022|2022 Grant Approval|pdf|http://www.samfyacouncil.gov.zm/wp-content/uploads/2025/06/2022-Grant-Approval.pdf|https://www.samfyacouncil.gov.zm/?page_id=2097|2026-09-11T15:58:11Z|Samfya Town Council|grants_and_loans|2022|2022 Grant Approval|http://www.samfyacouncil.gov.zm/wp-content/uploads/2025/06/2022-Grant-Approval.pdf|pdf|https://www.samfyacouncil.gov.zm/?page_id=2097|2026-09-11T15:58:11+00:00
RES0018|Samfya Town Council|Grants And Loans|2022|2022 Loans Approval|pdf|http://www.samfyacouncil.gov.zm/wp-content/uploads/2025/06/2022-Loans-Approval.pdf|https://www.samfyacouncil.gov.zm/?page_id=2097|2026-09-11T15:58:11Z|Samfya Town Council|grants_and_loans|2022|2022 Loans Approval|http://www.samfyacouncil.gov.zm/wp-content/uploads/2025/06/2022-Loans-Approval.pdf|pdf|https://www.samfyacouncil.gov.zm/?page_id=2097|2026-09-11T15:58:11+00:00
RES0019|Samfya Town Council|Skills And Bursaries|2025|Approval – CDF 2025 Skills Development Bursaries|pdf|http://www.samfyacouncil.gov.zm/wp-content/uploads/2025/06/Approval-CDF-2025-Skills-Development-Bursaries.pdf|https://www.samfyacouncil.gov.zm/?page_id=2078|2026-09-11T15:58:19Z|Samfya Town Council|skills_and_bursaries|2025|Approval – CDF 2025 Skills Development Bursaries|http://www.samfyacouncil.gov.zm/wp-content/uploads/2025/06/Approval-CDF-2025-Skills-Development-Bursaries.pdf|pdf|https://www.samfyacouncil.gov.zm/?page_id=2078|2026-09-11T15:58:19+00:00
RES0020|Samfya Town Council|Skills And Bursaries|2025|Approval – CDF 2025 Secondary Boarding Sch. Bursaries|pdf|http://www.samfyacouncil.gov.zm/wp-content/uploads/2025/06/Approval-CDF-2025-Secondary-Boarding-Sch.-Bursaries.pdf|https://www.samfyacouncil.gov.zm/?page_id=2078|2026-09-11T15:58:19Z|Samfya Town Council|skills_and_bursaries|2025|Approval – CDF 2025 Secondary Boarding Sch. Bursaries|http://www.samfyacouncil.gov.zm/wp-content/uploads/2025/06/Approval-CDF-2025-Secondary-Boarding-Sch.-Bursaries.pdf|pdf|https://www.samfyacouncil.gov.zm/?page_id=2078|2026-09-11T15:58:19+00:00
RES0021|Samfya Town Council|Skills And Bursaries|2024|2024 BURSARIES|pdf|http://www.samfyacouncil.gov.zm/wp-content/uploads/2025/06/2024-BURSARIES.pdf|https://www.samfyacouncil.gov.zm/?page_id=2078|2026-09-11T15:58:19Z|Samfya Town Council|skills_and_bursaries|2024|2024 BURSARIES|http://www.samfyacouncil.gov.zm/wp-content/uploads/2025/06/2024-BURSARIES.pdf|pdf|https://www.samfyacouncil.gov.zm/?page_id=2078|2026-09-11T15:58:19+00:00
RES0022|Samfya Town Council|Skills And Bursaries|2023|2023 Secondary and Skills Approval|pdf|http://www.samfyacouncil.gov.zm/wp-content/uploads/2025/06/2023-Secondary-and-Skills-Approval.pdf|https://www.samfyacouncil.gov.zm/?page_id=2078|2026-09-11T15:58:19Z|Samfya Town Council|skills_and_bursaries|2023|2023 Secondary and Skills Approval|http://www.samfyacouncil.gov.zm/wp-content/uploads/2025/06/2023-Secondary-and-Skills-Approval.pdf|pdf|https://www.samfyacouncil.gov.zm/?page_id=2078|2026-09-11T15:58:19+00:00
RES0023|Samfya Town Council|Skills And Bursaries|2023|SKILLS LIST APPROVED FOR 2023|pdf|http://www.samfyacouncil.gov.zm/wp-content/uploads/2025/06/SKILLS-LIST-APPROVED-FOR-2023.pdf|https://www.samfyacouncil.gov.zm/?page_id=2078|2026-09-11T15:58:19Z|Samfya Town Council|skills_and_bursaries|2023|SKILLS LIST APPROVED FOR 2023|http://www.samfyacouncil.gov.zm/wp-content/uploads/2025/06/SKILLS-LIST-APPROVED-FOR-2023.pdf|pdf|https://www.samfyacouncil.gov.zm/?page_id=2078|2026-09-11T15:58:19+00:00
RES0024|Samfya Town Council|Skills And Bursaries|2022|2022 APPROVAL – SKILLS DEVELOPMENT BURSARIES|pdf|http://www.samfyacouncil.gov.zm/wp-content/uploads/2025/06/2022-APPROVAL-SKILLS-DEVELOPMENT-BURSARIES.pdf|https://www.samfyacouncil.gov.zm/?page_id=2078|2026-09-11T15:58:19Z|Samfya Town Council|skills_and_bursaries|2022|2022 APPROVAL – SKILLS DEVELOPMENT BURSARIES|http://www.samfyacouncil.gov.zm/wp-content/uploads/2025/06/2022-APPROVAL-SKILLS-DEVELOPMENT-BURSARIES.pdf|pdf|https://www.samfyacouncil.gov.zm/?page_id=2078|2026-09-11T15:58:19+00:00
RES0025|Samfya Town Council|Publications|2022|Public Procurement Regulations 2022|pdf|http://www.samfyacouncil.gov.zm/wp-content/uploads/2024/12/Public-Procurement-Regulations-2022.pdf|https://www.samfyacouncil.gov.zm/?page_id=195|2026-09-11T15:58:27Z|Samfya Town Council|publications|2022|Public Procurement Regulations 2022|http://www.samfyacouncil.gov.zm/wp-content/uploads/2024/12/Public-Procurement-Regulations-2022.pdf|pdf|https://www.samfyacouncil.gov.zm/?page_id=195|2026-09-11T15:58:27+00:00
RES0026|Samfya Town Council|Publications||SAMFYA TOWN COUNCIL GRIEVANCE REDRESS MECHANISM|pdf|http://www.samfyacouncil.gov.zm/wp-content/uploads/2023/12/SAMFYA-TOWN-COUNCIL-GRIEVANCE-REDRESS-MECHANISM.pdf|https://www.samfyacouncil.gov.zm/?page_id=195|2026-09-11T15:58:27Z|Samfya Town Council|publications||SAMFYA TOWN COUNCIL GRIEVANCE REDRESS MECHANISM|http://www.samfyacouncil.gov.zm/wp-content/uploads/2023/12/SAMFYA-TOWN-COUNCIL-GRIEVANCE-REDRESS-MECHANISM.pdf|pdf|https://www.samfyacouncil.gov.zm/?page_id=195|2026-09-11T15:58:27+00:00
RES0027|Samfya Town Council|Publications||Act-No.-3-The-Data-Protection-Act-2021_0-2|pdf|http://www.samfyacouncil.gov.zm/wp-content/uploads/2023/12/Act-No.-3-The-Data-Protection-Act-2021_0-2.pdf|https://www.samfyacouncil.gov.zm/?page_id=195|2026-09-11T15:58:27Z|Samfya Town Council|publications||Act-No.-3-The-Data-Protection-Act-2021_0-2|http://www.samfyacouncil.gov.zm/wp-content/uploads/2023/12/Act-No.-3-The-Data-Protection-Act-2021_0-2.pdf|pdf|https://www.samfyacouncil.gov.zm/?page_id=195|2026-09-11T15:58:27+00:00
RES0028|Samfya Town Council|Publications|2022|EIGHTH-NATIONAL-DEVELOPMENT-PLAN-2022-2026|pdf|http://www.samfyacouncil.gov.zm/wp-content/uploads/2023/12/EIGHTH-NATIONAL-DEVELOPMENT-PLAN-2022-2026.pdf|https://www.samfyacouncil.gov.zm/?page_id=195|2026-09-11T15:58:27Z|Samfya Town Council|publications|2022|EIGHTH-NATIONAL-DEVELOPMENT-PLAN-2022-2026|http://www.samfyacouncil.gov.zm/wp-content/uploads/2023/12/EIGHTH-NATIONAL-DEVELOPMENT-PLAN-2022-2026.pdf|pdf|https://www.samfyacouncil.gov.zm/?page_id=195|2026-09-11T15:58:27+00:00
RES0029|Samfya Town Council|Publications|2011|Environmetal-Mangement-Act-12-of-2011|pdf|http://www.samfyacouncil.gov.zm/wp-content/uploads/2023/12/Environmetal-Mangement-Act-12-of-2011.pdf|https://www.samfyacouncil.gov.zm/?page_id=195|2026-09-11T15:58:27Z|Samfya Town Council|publications|2011|Environmetal-Mangement-Act-12-of-2011|http://www.samfyacouncil.gov.zm/wp-content/uploads/2023/12/Environmetal-Mangement-Act-12-of-2011.pdf|pdf|https://www.samfyacouncil.gov.zm/?page_id=195|2026-09-11T15:58:27+00:00
RES0030|Samfya Town Council|Publications||LA-Financial-Regulations|pdf|http://www.samfyacouncil.gov.zm/wp-content/uploads/2023/12/LA-Financial-Regulations.pdf|https://www.samfyacouncil.gov.zm/?page_id=195|2026-09-11T15:58:27Z|Samfya Town Council|publications||LA-Financial-Regulations|http://www.samfyacouncil.gov.zm/wp-content/uploads/2023/12/LA-Financial-Regulations.pdf|pdf|https://www.samfyacouncil.gov.zm/?page_id=195|2026-09-11T15:58:27+00:00
RES0031|Samfya Town Council|Publications||LAND-ADMINISTRATIO-AND-ALLOCATION-2_075741|pdf|http://www.samfyacouncil.gov.zm/wp-content/uploads/2023/12/LAND-ADMINISTRATIO-AND-ALLOCATION-2_075741.pdf|https://www.samfyacouncil.gov.zm/?page_id=195|2026-09-11T15:58:27Z|Samfya Town Council|publications||LAND-ADMINISTRATIO-AND-ALLOCATION-2_075741|http://www.samfyacouncil.gov.zm/wp-content/uploads/2023/12/LAND-ADMINISTRATIO-AND-ALLOCATION-2_075741.pdf|pdf|https://www.samfyacouncil.gov.zm/?page_id=195|2026-09-11T15:58:27+00:00
RES0032|Samfya Town Council|Publications||Landlord-and-Tenant-Business-Premises-Act|pdf|http://www.samfyacouncil.gov.zm/wp-content/uploads/2023/12/Landlord-and-Tenant-Business-Premises-Act.pdf|https://www.samfyacouncil.gov.zm/?page_id=195|2026-09-11T15:58:27Z|Samfya Town Council|publications||Landlord-and-Tenant-Business-Premises-Act|http://www.samfyacouncil.gov.zm/wp-content/uploads/2023/12/Landlord-and-Tenant-Business-Premises-Act.pdf|pdf|https://www.samfyacouncil.gov.zm/?page_id=195|2026-09-11T15:58:27+00:00
RES0033|Samfya Town Council|Publications||Lands-Acquisition-Act|pdf|http://www.samfyacouncil.gov.zm/wp-content/uploads/2023/12/Lands-Acquisition-Act.pdf|https://www.samfyacouncil.gov.zm/?page_id=195|2026-09-11T15:58:27Z|Samfya Town Council|publications||Lands-Acquisition-Act|http://www.samfyacouncil.gov.zm/wp-content/uploads/2023/12/Lands-Acquisition-Act.pdf|pdf|https://www.samfyacouncil.gov.zm/?page_id=195|2026-09-11T15:58:27+00:00
RES0034|Samfya Town Council|Publications||Lands-and-Deeds-Registry-Act|pdf|http://www.samfyacouncil.gov.zm/wp-content/uploads/2023/12/Lands-and-Deeds-Registry-Act.pdf|https://www.samfyacouncil.gov.zm/?page_id=195|2026-09-11T15:58:27Z|Samfya Town Council|publications||Lands-and-Deeds-Registry-Act|http://www.samfyacouncil.gov.zm/wp-content/uploads/2023/12/Lands-and-Deeds-Registry-Act.pdf|pdf|https://www.samfyacouncil.gov.zm/?page_id=195|2026-09-11T15:58:27+00:00
RES0035|Samfya Town Council|Publications|2011|Liqour-Licensing-Act-2011|pdf|http://www.samfyacouncil.gov.zm/wp-content/uploads/2023/12/Liqour-Licensing-Act-2011.pdf|https://www.samfyacouncil.gov.zm/?page_id=195|2026-09-11T15:58:27Z|Samfya Town Council|publications|2011|Liqour-Licensing-Act-2011|http://www.samfyacouncil.gov.zm/wp-content/uploads/2023/12/Liqour-Licensing-Act-2011.pdf|pdf|https://www.samfyacouncil.gov.zm/?page_id=195|2026-09-11T15:58:27+00:00
RES0036|Samfya Town Council|Publications|2011|Registration-of-Business-Names-Act-2011|pdf|http://www.samfyacouncil.gov.zm/wp-content/uploads/2023/12/Registration-of-Business-Names-Act-2011.pdf|https://www.samfyacouncil.gov.zm/?page_id=195|2026-09-11T15:58:27Z|Samfya Town Council|publications|2011|Registration-of-Business-Names-Act-2011|http://www.samfyacouncil.gov.zm/wp-content/uploads/2023/12/Registration-of-Business-Names-Act-2011.pdf|pdf|https://www.samfyacouncil.gov.zm/?page_id=195|2026-09-11T15:58:27+00:00
RES0037|Samfya Town Council|Publications||si_2012_23-ON-LIQUOR-PACKAGING|pdf|http://www.samfyacouncil.gov.zm/wp-content/uploads/2023/12/si_2012_23-ON-LIQUOR-PACKAGING.pdf|https://www.samfyacouncil.gov.zm/?page_id=195|2026-09-11T15:58:27Z|Samfya Town Council|publications||si_2012_23-ON-LIQUOR-PACKAGING|http://www.samfyacouncil.gov.zm/wp-content/uploads/2023/12/si_2012_23-ON-LIQUOR-PACKAGING.pdf|pdf|https://www.samfyacouncil.gov.zm/?page_id=195|2026-09-11T15:58:27+00:00
RES0038|Samfya Town Council|Publications|2011|SI-2011-96|pdf|http://www.samfyacouncil.gov.zm/wp-content/uploads/2023/12/SI-2011-96.pdf|https://www.samfyacouncil.gov.zm/?page_id=195|2026-09-11T15:58:27Z|Samfya Town Council|publications|2011|SI-2011-96|http://www.samfyacouncil.gov.zm/wp-content/uploads/2023/12/SI-2011-96.pdf|pdf|https://www.samfyacouncil.gov.zm/?page_id=195|2026-09-11T15:58:27+00:00
RES0039|Samfya Town Council|Publications|2018|The-Constituency-Development-Fund-Act-No.-11-of-2018|pdf|http://www.samfyacouncil.gov.zm/wp-content/uploads/2023/12/The-Constituency-Development-Fund-Act-No.-11-of-2018.pdf|https://www.samfyacouncil.gov.zm/?page_id=195|2026-09-11T15:58:27Z|Samfya Town Council|publications|2018|The-Constituency-Development-Fund-Act-No.-11-of-2018|http://www.samfyacouncil.gov.zm/wp-content/uploads/2023/12/The-Constituency-Development-Fund-Act-No.-11-of-2018.pdf|pdf|https://www.samfyacouncil.gov.zm/?page_id=195|2026-09-11T15:58:27+00:00
RES0040|Samfya Town Council|Publications|2019|The-Food-Safety-Act-No.-7-2019|pdf|http://www.samfyacouncil.gov.zm/wp-content/uploads/2023/12/The-Food-Safety-Act-No.-7-2019.pdf|https://www.samfyacouncil.gov.zm/?page_id=195|2026-09-11T15:58:27Z|Samfya Town Council|publications|2019|The-Food-Safety-Act-No.-7-2019|http://www.samfyacouncil.gov.zm/wp-content/uploads/2023/12/The-Food-Safety-Act-No.-7-2019.pdf|pdf|https://www.samfyacouncil.gov.zm/?page_id=195|2026-09-11T15:58:27+00:00
RES0041|Samfya Town Council|Publications|2019|The-Local-Government-Act-No.-2-of-2019|pdf|http://www.samfyacouncil.gov.zm/wp-content/uploads/2023/12/The-Local-Government-Act-No.-2-of-2019.pdf|https://www.samfyacouncil.gov.zm/?page_id=195|2026-09-11T15:58:27Z|Samfya Town Council|publications|2019|The-Local-Government-Act-No.-2-of-2019|http://www.samfyacouncil.gov.zm/wp-content/uploads/2023/12/The-Local-Government-Act-No.-2-of-2019.pdf|pdf|https://www.samfyacouncil.gov.zm/?page_id=195|2026-09-11T15:58:27+00:00
RES0042|Samfya Town Council|Publications|2010|The-Occupational-Health-and-Safety-Act-2010|pdf|http://www.samfyacouncil.gov.zm/wp-content/uploads/2023/12/The-Occupational-Health-and-Safety-Act-2010.pdf|https://www.samfyacouncil.gov.zm/?page_id=195|2026-09-11T15:58:27Z|Samfya Town Council|publications|2010|The-Occupational-Health-and-Safety-Act-2010|http://www.samfyacouncil.gov.zm/wp-content/uploads/2023/12/The-Occupational-Health-and-Safety-Act-2010.pdf|pdf|https://www.samfyacouncil.gov.zm/?page_id=195|2026-09-11T15:58:27+00:00
RES0043|Samfya Town Council|Publications|2018|The-Public-Finance-Management-ACT-2018|pdf|http://www.samfyacouncil.gov.zm/wp-content/uploads/2023/12/The-Public-Finance-Management-ACT-2018.pdf|https://www.samfyacouncil.gov.zm/?page_id=195|2026-09-11T15:58:27Z|Samfya Town Council|publications|2018|The-Public-Finance-Management-ACT-2018|http://www.samfyacouncil.gov.zm/wp-content/uploads/2023/12/The-Public-Finance-Management-ACT-2018.pdf|pdf|https://www.samfyacouncil.gov.zm/?page_id=195|2026-09-11T15:58:27+00:00
RES0044|Samfya Town Council|Publications|2020|The-Public-Procurement-Act-No.-8-2020|pdf|http://www.samfyacouncil.gov.zm/wp-content/uploads/2023/12/The-Public-Procurement-Act-No.-8-2020.pdf|https://www.samfyacouncil.gov.zm/?page_id=195|2026-09-11T15:58:27Z|Samfya Town Council|publications|2020|The-Public-Procurement-Act-No.-8-2020|http://www.samfyacouncil.gov.zm/wp-content/uploads/2023/12/The-Public-Procurement-Act-No.-8-2020.pdf|pdf|https://www.samfyacouncil.gov.zm/?page_id=195|2026-09-11T15:58:27+00:00
RES0045|Samfya Town Council|Publications|2018|The-Solid-Waste-Regulation-and-Management-Act-2018|pdf|http://www.samfyacouncil.gov.zm/wp-content/uploads/2023/12/The-Solid-Waste-Regulation-and-Management-Act-2018.pdf|https://www.samfyacouncil.gov.zm/?page_id=195|2026-09-11T15:58:27Z|Samfya Town Council|publications|2018|The-Solid-Waste-Regulation-and-Management-Act-2018|http://www.samfyacouncil.gov.zm/wp-content/uploads/2023/12/The-Solid-Waste-Regulation-and-Management-Act-2018.pdf|pdf|https://www.samfyacouncil.gov.zm/?page_id=195|2026-09-11T15:58:27+00:00
RES0046|Samfya Town Council|Publications|2015|The-Urban-and-Regional-Planning-Act-2015|pdf|http://www.samfyacouncil.gov.zm/wp-content/uploads/2023/12/The-Urban-and-Regional-Planning-Act-2015.pdf|https://www.samfyacouncil.gov.zm/?page_id=195|2026-09-11T15:58:27Z|Samfya Town Council|publications|2015|The-Urban-and-Regional-Planning-Act-2015|http://www.samfyacouncil.gov.zm/wp-content/uploads/2023/12/The-Urban-and-Regional-Planning-Act-2015.pdf|pdf|https://www.samfyacouncil.gov.zm/?page_id=195|2026-09-11T15:58:27+00:00
RES0047|Samfya Town Council|Publications||The-Zambia-National-Public-Health-Institute-Act-No.-19-of-2020pdf|pdf|http://www.samfyacouncil.gov.zm/wp-content/uploads/2023/12/The-Zambia-National-Public-Health-Institute-Act-No.-19-of-2020pdf.pdf|https://www.samfyacouncil.gov.zm/?page_id=195|2026-09-11T15:58:27Z|Samfya Town Council|publications||The-Zambia-National-Public-Health-Institute-Act-No.-19-of-2020pdf|http://www.samfyacouncil.gov.zm/wp-content/uploads/2023/12/The-Zambia-National-Public-Health-Institute-Act-No.-19-of-2020pdf.pdf|pdf|https://www.samfyacouncil.gov.zm/?page_id=195|2026-09-11T15:58:27+00:00
RES0048|Samfya Town Council|Publications|2024|STC 2024 Magazine_draft 3|pdf|http://www.samfyacouncil.gov.zm/wp-content/uploads/2024/10/STC-2024-Magazine_draft-3.pdf|https://www.samfyacouncil.gov.zm/?page_id=195|2026-09-11T15:58:27Z|Samfya Town Council|publications|2024|STC 2024 Magazine_draft 3|http://www.samfyacouncil.gov.zm/wp-content/uploads/2024/10/STC-2024-Magazine_draft-3.pdf|pdf|https://www.samfyacouncil.gov.zm/?page_id=195|2026-09-11T15:58:27+00:00
RES0049|Samfya Town Council|Publications||Investment profile PDF(6)|pdf|http://www.samfyacouncil.gov.zm/wp-content/uploads/2023/12/Investment-profile-PDF6.pdf|https://www.samfyacouncil.gov.zm/?page_id=195|2026-09-11T15:58:27Z|Samfya Town Council|publications||Investment profile PDF(6)|http://www.samfyacouncil.gov.zm/wp-content/uploads/2023/12/Investment-profile-PDF6.pdf|pdf|https://www.samfyacouncil.gov.zm/?page_id=195|2026-09-11T15:58:27+00:00
RES0050|Samfya Town Council|Publications||Statement|pdf|http://www.samfyacouncil.gov.zm/wp-content/uploads/2023/12/statement.pdf|https://www.samfyacouncil.gov.zm/?page_id=195|2026-09-11T15:58:27Z|Samfya Town Council|publications||Statement|http://www.samfyacouncil.gov.zm/wp-content/uploads/2023/12/statement.pdf|pdf|https://www.samfyacouncil.gov.zm/?page_id=195|2026-09-11T15:58:27+00:00
RES0051|Samfya Town Council|Publications|2024|SAMFYA- IDP 2024-2034|pdf|http://www.samfyacouncil.gov.zm/wp-content/uploads/2024/12/SAMFYA-IDP-2024-2034-Copy.pdf|https://www.samfyacouncil.gov.zm/?page_id=195|2026-09-11T15:58:27Z|Samfya Town Council|publications|2024|SAMFYA- IDP 2024-2034|http://www.samfyacouncil.gov.zm/wp-content/uploads/2024/12/SAMFYA-IDP-2024-2034-Copy.pdf|pdf|https://www.samfyacouncil.gov.zm/?page_id=195|2026-09-11T15:58:27+00:00
RES0052|Samfya Town Council|Publications||APPLICATION FOR PLOTS|pdf|http://www.samfyacouncil.gov.zm/wp-content/uploads/2024/09/APPLICATION-FOR-PLOTS.pdf|https://www.samfyacouncil.gov.zm/?page_id=195|2026-09-11T15:58:27Z|Samfya Town Council|publications||APPLICATION FOR PLOTS|http://www.samfyacouncil.gov.zm/wp-content/uploads/2024/09/APPLICATION-FOR-PLOTS.pdf|pdf|https://www.samfyacouncil.gov.zm/?page_id=195|2026-09-11T15:58:27+00:00
RES0053|Samfya Town Council|Publications||External Advert|pdf|http://www.samfyacouncil.gov.zm/wp-content/uploads/2024/09/External-Advert.pdf|https://www.samfyacouncil.gov.zm/?page_id=195|2026-09-11T15:58:27Z|Samfya Town Council|publications||External Advert|http://www.samfyacouncil.gov.zm/wp-content/uploads/2024/09/External-Advert.pdf|pdf|https://www.samfyacouncil.gov.zm/?page_id=195|2026-09-11T15:58:27+00:00
RES0054|Samfya Town Council|Publications|2025|OCTOBER MINUTE BOOK 2025|pdf|http://www.samfyacouncil.gov.zm/wp-content/uploads/2025/12/OCTOBER-MINUTE-BOOK-2025.pdf|https://www.samfyacouncil.gov.zm/?page_id=195|2026-09-11T15:58:27Z|Samfya Town Council|publications|2025|OCTOBER MINUTE BOOK 2025|http://www.samfyacouncil.gov.zm/wp-content/uploads/2025/12/OCTOBER-MINUTE-BOOK-2025.pdf|pdf|https://www.samfyacouncil.gov.zm/?page_id=195|2026-09-11T15:58:27+00:00
RES0055|Samfya Town Council|Publications|2025|JULY MINUTE BOOK 2025|pdf|http://www.samfyacouncil.gov.zm/wp-content/uploads/2025/12/JULY-MINUTE-BOOK-2025.pdf|https://www.samfyacouncil.gov.zm/?page_id=195|2026-09-11T15:58:27Z|Samfya Town Council|publications|2025|JULY MINUTE BOOK 2025|http://www.samfyacouncil.gov.zm/wp-content/uploads/2025/12/JULY-MINUTE-BOOK-2025.pdf|pdf|https://www.samfyacouncil.gov.zm/?page_id=195|2026-09-11T15:58:27+00:00
RES0056|Samfya Town Council|Publications|2023|Third Quarter Ordinary Council Meeting 2023|docx|http://www.samfyacouncil.gov.zm/wp-content/uploads/2024/01/Third-Quarter-Ordinary-Council-Meeting-2023.docx|https://www.samfyacouncil.gov.zm/?page_id=195|2026-09-11T15:58:27Z|Samfya Town Council|publications|2023|Third Quarter Ordinary Council Meeting 2023|http://www.samfyacouncil.gov.zm/wp-content/uploads/2024/01/Third-Quarter-Ordinary-Council-Meeting-2023.docx|docx|https://www.samfyacouncil.gov.zm/?page_id=195|2026-09-11T15:58:27+00:00
RES0057|Samfya Town Council|Publications|2023|Fourth Quarter Ordinary Council Meetings 2023|docx|http://www.samfyacouncil.gov.zm/wp-content/uploads/2024/01/Fourth-Quarter-Ordinary-Council-Meetings-2023.docx|https://www.samfyacouncil.gov.zm/?page_id=195|2026-09-11T15:58:27Z|Samfya Town Council|publications|2023|Fourth Quarter Ordinary Council Meetings 2023|http://www.samfyacouncil.gov.zm/wp-content/uploads/2024/01/Fourth-Quarter-Ordinary-Council-Meetings-2023.docx|docx|https://www.samfyacouncil.gov.zm/?page_id=195|2026-09-11T15:58:27+00:00
RES0058|Samfya Town Council|Publications|2026|Minutes Of The Community Meeting For 2026 Budget Preparation Uploaded on: November 23, 2025|pdf|http://www.samfyacouncil.gov.zm/wp-content/uploads/2025/11/Minutes-Of-The-Community-Meeting-For-2026-Budget-Preparation.pdf|https://www.samfyacouncil.gov.zm/?page_id=195|2026-09-11T15:58:27Z|Samfya Town Council|publications|2026|Minutes Of The Community Meeting For 2026 Budget Preparation Uploaded on: November 23, 2025|http://www.samfyacouncil.gov.zm/wp-content/uploads/2025/11/Minutes-Of-The-Community-Meeting-For-2026-Budget-Preparation.pdf|pdf|https://www.samfyacouncil.gov.zm/?page_id=195|2026-09-11T15:58:27+00:00
RES0059|Samfya Town Council|Publications|2026|Minutes Of The Business Community Meeting For 2026 Budget Preparation Uploaded on: November 23, 2025|pdf|http://www.samfyacouncil.gov.zm/wp-content/uploads/2025/11/Minutes-Of-The-Business-Community-Meeting-For-2026-Budget-Preparation.pdf|https://www.samfyacouncil.gov.zm/?page_id=195|2026-09-11T15:58:27Z|Samfya Town Council|publications|2026|Minutes Of The Business Community Meeting For 2026 Budget Preparation Uploaded on: November 23, 2025|http://www.samfyacouncil.gov.zm/wp-content/uploads/2025/11/Minutes-Of-The-Business-Community-Meeting-For-2026-Budget-Preparation.pdf|pdf|https://www.samfyacouncil.gov.zm/?page_id=195|2026-09-11T15:58:27+00:00
RES0060|Samfya Town Council|Publications|2025|Samfya Council Citizen Engagement Strategy 2025 Uploaded on: November 18, 2025|pdf|http://www.samfyacouncil.gov.zm/wp-content/uploads/2025/11/Samfya-Council-Citizen-Engagement-Strategy-2025.pdf|https://www.samfyacouncil.gov.zm/?page_id=195|2026-09-11T15:58:27Z|Samfya Town Council|publications|2025|Samfya Council Citizen Engagement Strategy 2025 Uploaded on: November 18, 2025|http://www.samfyacouncil.gov.zm/wp-content/uploads/2025/11/Samfya-Council-Citizen-Engagement-Strategy-2025.pdf|pdf|https://www.samfyacouncil.gov.zm/?page_id=195|2026-09-11T15:58:27+00:00
RES0061|Samfya Town Council|Publications|2025|Samfya Council Citizen Engagement Strategy 2025 (Updated)|pdf|http://www.samfyacouncil.gov.zm/wp-content/uploads/2025/12/Samfya-Council-Citizen-Engagement-Strategy-2025-Updated.pdf|https://www.samfyacouncil.gov.zm/?page_id=195|2026-09-11T15:58:27Z|Samfya Town Council|publications|2025|Samfya Council Citizen Engagement Strategy 2025 (Updated)|http://www.samfyacouncil.gov.zm/wp-content/uploads/2025/12/Samfya-Council-Citizen-Engagement-Strategy-2025-Updated.pdf|pdf|https://www.samfyacouncil.gov.zm/?page_id=195|2026-09-11T15:58:27+00:00
RES0062|Samfya Town Council|Publications|2025|Signed Minutes Of The Community 2025 Uploaded on: November 18, 2025|pdf|http://www.samfyacouncil.gov.zm/wp-content/uploads/2025/11/Signed-Minutes-Of-The-Community-2025.pdf|https://www.samfyacouncil.gov.zm/?page_id=195|2026-09-11T15:58:27Z|Samfya Town Council|publications|2025|Signed Minutes Of The Community 2025 Uploaded on: November 18, 2025|http://www.samfyacouncil.gov.zm/wp-content/uploads/2025/11/Signed-Minutes-Of-The-Community-2025.pdf|pdf|https://www.samfyacouncil.gov.zm/?page_id=195|2026-09-11T15:58:27+00:00
RES0063|Samfya Town Council|Publications|2025|Signed Minutes Of The Business Community 2025 Uploaded on: November 18, 2025|pdf|http://www.samfyacouncil.gov.zm/wp-content/uploads/2025/11/Signed-Minutes-Of-The-Business-Community-2025.pdf|https://www.samfyacouncil.gov.zm/?page_id=195|2026-09-11T15:58:27Z|Samfya Town Council|publications|2025|Signed Minutes Of The Business Community 2025 Uploaded on: November 18, 2025|http://www.samfyacouncil.gov.zm/wp-content/uploads/2025/11/Signed-Minutes-Of-The-Business-Community-2025.pdf|pdf|https://www.samfyacouncil.gov.zm/?page_id=195|2026-09-11T15:58:27+00:00
RES0064|Samfya Town Council|Publications|2025|APPROVED ENGAGEMENT PLAN Uploaded on: June 30, 2025|pdf|http://www.samfyacouncil.gov.zm/wp-content/uploads/2025/06/APPROVED-ENGAGEMENT-PLAN.pdf|https://www.samfyacouncil.gov.zm/?page_id=195|2026-09-11T15:58:27Z|Samfya Town Council|publications|2025|APPROVED ENGAGEMENT PLAN Uploaded on: June 30, 2025|http://www.samfyacouncil.gov.zm/wp-content/uploads/2025/06/APPROVED-ENGAGEMENT-PLAN.pdf|pdf|https://www.samfyacouncil.gov.zm/?page_id=195|2026-09-11T15:58:27+00:00
RES0065|Samfya Town Council|Publications|2025|Stakeholder Engagement Plans – SAMFYA Uploaded on: June 19, 2025|pdf|http://www.samfyacouncil.gov.zm/wp-content/uploads/2025/06/Stakeholder-Engagement-Plans-SAMFYA.pdf|https://www.samfyacouncil.gov.zm/?page_id=195|2026-09-11T15:58:27Z|Samfya Town Council|publications|2025|Stakeholder Engagement Plans – SAMFYA Uploaded on: June 19, 2025|http://www.samfyacouncil.gov.zm/wp-content/uploads/2025/06/Stakeholder-Engagement-Plans-SAMFYA.pdf|pdf|https://www.samfyacouncil.gov.zm/?page_id=195|2026-09-11T15:58:27+00:00
RES0066|Samfya Town Council|Publications|2024|Signed unmodified Opinion 2024|pdf|http://www.samfyacouncil.gov.zm/wp-content/uploads/2025/11/Signed-unmodified-Opinion-2024.pdf|https://www.samfyacouncil.gov.zm/?page_id=195|2026-09-11T15:58:27Z|Samfya Town Council|publications|2024|Signed unmodified Opinion 2024|http://www.samfyacouncil.gov.zm/wp-content/uploads/2025/11/Signed-unmodified-Opinion-2024.pdf|pdf|https://www.samfyacouncil.gov.zm/?page_id=195|2026-09-11T15:58:27+00:00
RES0067|Samfya Town Council|Publications|2024|Signed Audited Financial Statement 2024 Uploaded on: November 17, 2025|pdf|http://www.samfyacouncil.gov.zm/wp-content/uploads/2025/11/Signed-Audited-Financial-Statement-2024.pdf|https://www.samfyacouncil.gov.zm/?page_id=195|2026-09-11T15:58:27Z|Samfya Town Council|publications|2024|Signed Audited Financial Statement 2024 Uploaded on: November 17, 2025|http://www.samfyacouncil.gov.zm/wp-content/uploads/2025/11/Signed-Audited-Financial-Statement-2024.pdf|pdf|https://www.samfyacouncil.gov.zm/?page_id=195|2026-09-11T15:58:27+00:00
RES0068|Samfya Town Council|Publications|2023|Signed Audited Financial Statements 2023 Uploaded on: December 26, 2025|pdf|http://www.samfyacouncil.gov.zm/wp-content/uploads/2025/12/Signed-Audited-Financial-Statements-2023.pdf|https://www.samfyacouncil.gov.zm/?page_id=195|2026-09-11T15:58:27Z|Samfya Town Council|publications|2023|Signed Audited Financial Statements 2023 Uploaded on: December 26, 2025|http://www.samfyacouncil.gov.zm/wp-content/uploads/2025/12/Signed-Audited-Financial-Statements-2023.pdf|pdf|https://www.samfyacouncil.gov.zm/?page_id=195|2026-09-11T15:58:27+00:00
RES0069|Samfya Town Council|Publications|2022|Signed Audited Financial Statements 2022 Uploaded on: December 26, 2025|pdf|http://www.samfyacouncil.gov.zm/wp-content/uploads/2025/12/Signed-Audited-Financial-Statements-2022.pdf|https://www.samfyacouncil.gov.zm/?page_id=195|2026-09-11T15:58:27Z|Samfya Town Council|publications|2022|Signed Audited Financial Statements 2022 Uploaded on: December 26, 2025|http://www.samfyacouncil.gov.zm/wp-content/uploads/2025/12/Signed-Audited-Financial-Statements-2022.pdf|pdf|https://www.samfyacouncil.gov.zm/?page_id=195|2026-09-11T15:58:27+00:00
RES0070|Samfya Town Council|Publications|2021|Signed Audited Financial Statements 2021 Uploaded on: December 26, 2025|pdf|http://www.samfyacouncil.gov.zm/wp-content/uploads/2025/12/Signed-Audited-Financial-Statements-2021.pdf|https://www.samfyacouncil.gov.zm/?page_id=195|2026-09-11T15:58:27Z|Samfya Town Council|publications|2021|Signed Audited Financial Statements 2021 Uploaded on: December 26, 2025|http://www.samfyacouncil.gov.zm/wp-content/uploads/2025/12/Signed-Audited-Financial-Statements-2021.pdf|pdf|https://www.samfyacouncil.gov.zm/?page_id=195|2026-09-11T15:58:27+00:00
RES0071|Samfya Town Council|Publications|2020|Signed Audited Financial Statements 2020 Uploaded on: December 26, 2025|pdf|http://www.samfyacouncil.gov.zm/wp-content/uploads/2025/12/Signed-Audited-Financial-Statements-2020.pdf|https://www.samfyacouncil.gov.zm/?page_id=195|2026-09-11T15:58:27Z|Samfya Town Council|publications|2020|Signed Audited Financial Statements 2020 Uploaded on: December 26, 2025|http://www.samfyacouncil.gov.zm/wp-content/uploads/2025/12/Signed-Audited-Financial-Statements-2020.pdf|pdf|https://www.samfyacouncil.gov.zm/?page_id=195|2026-09-11T15:58:27+00:00
RES0072|Samfya Town Council|Publications|2019|Signed Audited Financial Statements 2019 Uploaded on: December 26, 2025|pdf|http://www.samfyacouncil.gov.zm/wp-content/uploads/2025/12/Signed-Audited-Financial-Statements-2019.pdf|https://www.samfyacouncil.gov.zm/?page_id=195|2026-09-11T15:58:27Z|Samfya Town Council|publications|2019|Signed Audited Financial Statements 2019 Uploaded on: December 26, 2025|http://www.samfyacouncil.gov.zm/wp-content/uploads/2025/12/Signed-Audited-Financial-Statements-2019.pdf|pdf|https://www.samfyacouncil.gov.zm/?page_id=195|2026-09-11T15:58:27+00:00
RES0073|Samfya Town Council|Publications|2018|Signed Audited Financial Statements 2018 Uploaded on: December 26, 2025|pdf|http://www.samfyacouncil.gov.zm/wp-content/uploads/2025/12/Signed-Audited-Financial-Statements-2018.pdf|https://www.samfyacouncil.gov.zm/?page_id=195|2026-09-11T15:58:27Z|Samfya Town Council|publications|2018|Signed Audited Financial Statements 2018 Uploaded on: December 26, 2025|http://www.samfyacouncil.gov.zm/wp-content/uploads/2025/12/Signed-Audited-Financial-Statements-2018.pdf|pdf|https://www.samfyacouncil.gov.zm/?page_id=195|2026-09-11T15:58:27+00:00
RES0074|Samfya Town Council|Publications|2026|Budget 2026 – HeadMandate2026|pdf|http://www.samfyacouncil.gov.zm/wp-content/uploads/2026/08/Budget-2026-HeadMandate2026.pdf|https://www.samfyacouncil.gov.zm/?page_id=195|2026-09-11T15:58:27Z|Samfya Town Council|publications|2026|Budget 2026 – HeadMandate2026|http://www.samfyacouncil.gov.zm/wp-content/uploads/2026/08/Budget-2026-HeadMandate2026.pdf|pdf|https://www.samfyacouncil.gov.zm/?page_id=195|2026-09-11T15:58:27+00:00
RES0075|Samfya Town Council|Publications|2025|Budget 2025 – HeadMandate|pdf|http://www.samfyacouncil.gov.zm/wp-content/uploads/2025/11/Budget-2025-HeadMandate.pdf|https://www.samfyacouncil.gov.zm/?page_id=195|2026-09-11T15:58:27Z|Samfya Town Council|publications|2025|Budget 2025 – HeadMandate|http://www.samfyacouncil.gov.zm/wp-content/uploads/2025/11/Budget-2025-HeadMandate.pdf|pdf|https://www.samfyacouncil.gov.zm/?page_id=195|2026-09-11T15:58:27+00:00
RES0076|Samfya Town Council|Publications|2025|2025|pdf|http://www.samfyacouncil.gov.zm/wp-content/uploads/2025/11/2025-COMMUNITY-PROJECTS-APPROVED.pdf|https://www.samfyacouncil.gov.zm/?page_id=195|2026-09-11T15:58:27Z|Samfya Town Council|publications|2025|2025|http://www.samfyacouncil.gov.zm/wp-content/uploads/2025/11/2025-COMMUNITY-PROJECTS-APPROVED.pdf|pdf|https://www.samfyacouncil.gov.zm/?page_id=195|2026-09-11T15:58:27+00:00
RES0077|Samfya Town Council|Publications||SAMFYA WARD BUDGET CONSULTATION REPORT|pdf|http://www.samfyacouncil.gov.zm/wp-content/uploads/2025/06/SAMFYA-WARD-BUDGET-CONSULTATION-REPORT-.pdf|https://www.samfyacouncil.gov.zm/?page_id=195|2026-09-11T15:58:27Z|Samfya Town Council|publications||SAMFYA WARD BUDGET CONSULTATION REPORT|http://www.samfyacouncil.gov.zm/wp-content/uploads/2025/06/SAMFYA-WARD-BUDGET-CONSULTATION-REPORT-.pdf|pdf|https://www.samfyacouncil.gov.zm/?page_id=195|2026-09-11T15:58:27+00:00
RES0078|Samfya Town Council|Publications|2024|SAMFYA OBB 2024 Head Mandate Objective Sub Programme|pdf|http://www.samfyacouncil.gov.zm/wp-content/uploads/2024/01/SAMFYA-OBB-2024-HeadMandateObjectiveSubProg.pdf|https://www.samfyacouncil.gov.zm/?page_id=195|2026-09-11T15:58:27Z|Samfya Town Council|publications|2024|SAMFYA OBB 2024 Head Mandate Objective Sub Programme|http://www.samfyacouncil.gov.zm/wp-content/uploads/2024/01/SAMFYA-OBB-2024-HeadMandateObjectiveSubProg.pdf|pdf|https://www.samfyacouncil.gov.zm/?page_id=195|2026-09-11T15:58:27+00:00
RES0079|Samfya Town Council|Publications|2024|Semi Budget Performance 2024 Uploaded on: June 30, 2025|pdf|http://www.samfyacouncil.gov.zm/wp-content/uploads/2025/06/Semi-Budget-Performance-2024.pdf|https://www.samfyacouncil.gov.zm/?page_id=195|2026-09-11T15:58:27Z|Samfya Town Council|publications|2024|Semi Budget Performance 2024 Uploaded on: June 30, 2025|http://www.samfyacouncil.gov.zm/wp-content/uploads/2025/06/Semi-Budget-Performance-2024.pdf|pdf|https://www.samfyacouncil.gov.zm/?page_id=195|2026-09-11T15:58:27+00:00
RES0080|Samfya Town Council|Publications|2024|Annual Bugdet Performance 2024 Uploaded on: June 30, 2025|pdf|http://www.samfyacouncil.gov.zm/wp-content/uploads/2025/06/Annual-Bugdet-Performance-2024.pdf|https://www.samfyacouncil.gov.zm/?page_id=195|2026-09-11T15:58:27Z|Samfya Town Council|publications|2024|Annual Bugdet Performance 2024 Uploaded on: June 30, 2025|http://www.samfyacouncil.gov.zm/wp-content/uploads/2025/06/Annual-Bugdet-Performance-2024.pdf|pdf|https://www.samfyacouncil.gov.zm/?page_id=195|2026-09-11T15:58:27+00:00
RES0081|Samfya Town Council|Publications|2025|Samfya Bi -Annual Report 2025 Uploaded on: November 4, 2025|pdf|http://www.samfyacouncil.gov.zm/wp-content/uploads/2025/11/Samfya-Bi-Annual-Report-2025.pdf|https://www.samfyacouncil.gov.zm/?page_id=195|2026-09-11T15:58:27Z|Samfya Town Council|publications|2025|Samfya Bi -Annual Report 2025 Uploaded on: November 4, 2025|http://www.samfyacouncil.gov.zm/wp-content/uploads/2025/11/Samfya-Bi-Annual-Report-2025.pdf|pdf|https://www.samfyacouncil.gov.zm/?page_id=195|2026-09-11T15:58:27+00:00
RES0082|Samfya Town Council|Publications||WDC GUIDELINES|pdf|http://www.samfyacouncil.gov.zm/wp-content/uploads/2024/06/WDC-GUIDELINES.pdf|https://www.samfyacouncil.gov.zm/?page_id=195|2026-09-11T15:58:27Z|Samfya Town Council|publications||WDC GUIDELINES|http://www.samfyacouncil.gov.zm/wp-content/uploads/2024/06/WDC-GUIDELINES.pdf|pdf|https://www.samfyacouncil.gov.zm/?page_id=195|2026-09-11T15:58:27+00:00
RES0083|Samfya Town Council|Application Forms||Extra Information needed from the empowerment clubs|pdf|http://www.samfyacouncil.gov.zm/wp-content/uploads/2024/08/Extra-Information-needed-from-the-empowerment-clubs.pdf|https://www.samfyacouncil.gov.zm/?page_id=1224|2026-09-11T15:58:35Z|Samfya Town Council|application_forms||Extra Information needed from the empowerment clubs|http://www.samfyacouncil.gov.zm/wp-content/uploads/2024/08/Extra-Information-needed-from-the-empowerment-clubs.pdf|pdf|https://www.samfyacouncil.gov.zm/?page_id=1224|2026-09-11T15:58:35+00:00
RES0084|Samfya Town Council|Application Forms||SKILLS-DEVELOPMENT-BURSARY-APPLICATION-FORM|pdf|http://www.samfyacouncil.gov.zm/wp-content/uploads/2023/12/SKILLS-DEVELOPMENT-BURSARY-APPLICATION-FORM.pdf|https://www.samfyacouncil.gov.zm/?page_id=1224|2026-09-11T15:58:35Z|Samfya Town Council|application_forms||SKILLS-DEVELOPMENT-BURSARY-APPLICATION-FORM|http://www.samfyacouncil.gov.zm/wp-content/uploads/2023/12/SKILLS-DEVELOPMENT-BURSARY-APPLICATION-FORM.pdf|pdf|https://www.samfyacouncil.gov.zm/?page_id=1224|2026-09-11T15:58:35+00:00
RES0085|Samfya Town Council|Application Forms||SECONDARY-BOARDING-SCHOOL-BURSARY-APPLICATION-FORM (1)|pdf|http://www.samfyacouncil.gov.zm/wp-content/uploads/2023/12/SECONDARY-BOARDING-SCHOOL-BURSARY-APPLICATION-FORM-1.pdf|https://www.samfyacouncil.gov.zm/?page_id=1224|2026-09-11T15:58:35Z|Samfya Town Council|application_forms||SECONDARY-BOARDING-SCHOOL-BURSARY-APPLICATION-FORM (1)|http://www.samfyacouncil.gov.zm/wp-content/uploads/2023/12/SECONDARY-BOARDING-SCHOOL-BURSARY-APPLICATION-FORM-1.pdf|pdf|https://www.samfyacouncil.gov.zm/?page_id=1224|2026-09-11T15:58:35+00:00
RES0086|Samfya Town Council|Application Forms||COMMUNITY PROJECTS APPLICATION FORM|pdf|http://www.samfyacouncil.gov.zm/wp-content/uploads/2023/12/COMMUNITY-PROJECTS-APPLICATION-FORM.pdf|https://www.samfyacouncil.gov.zm/?page_id=1224|2026-09-11T15:58:35Z|Samfya Town Council|application_forms||COMMUNITY PROJECTS APPLICATION FORM|http://www.samfyacouncil.gov.zm/wp-content/uploads/2023/12/COMMUNITY-PROJECTS-APPLICATION-FORM.pdf|pdf|https://www.samfyacouncil.gov.zm/?page_id=1224|2026-09-11T15:58:35+00:00
RES0087|Samfya Town Council|Application Forms||CDF GRANT FORM|pdf|http://www.samfyacouncil.gov.zm/wp-content/uploads/2024/08/CDF-GRANT-FORM.pdf|https://www.samfyacouncil.gov.zm/?page_id=1224|2026-09-11T15:58:35Z|Samfya Town Council|application_forms||CDF GRANT FORM|http://www.samfyacouncil.gov.zm/wp-content/uploads/2024/08/CDF-GRANT-FORM.pdf|pdf|https://www.samfyacouncil.gov.zm/?page_id=1224|2026-09-11T15:58:35+00:00
RES0088|Samfya Town Council|Application Forms||CDF LOAN FORM|pdf|http://www.samfyacouncil.gov.zm/wp-content/uploads/2024/08/CDF-LOAN-FORM.pdf|https://www.samfyacouncil.gov.zm/?page_id=1224|2026-09-11T15:58:35Z|Samfya Town Council|application_forms||CDF LOAN FORM|http://www.samfyacouncil.gov.zm/wp-content/uploads/2024/08/CDF-LOAN-FORM.pdf|pdf|https://www.samfyacouncil.gov.zm/?page_id=1224|2026-09-11T15:58:35+00:00
RES0089|Samfya Town Council|Application Forms||External Advert – Club Registration Form|doc|http://www.samfyacouncil.gov.zm/wp-content/uploads/2023/12/CLUB-REGISTRATION-FORM.doc|https://www.samfyacouncil.gov.zm/?page_id=1224|2026-09-11T15:58:35Z|Samfya Town Council|application_forms||External Advert – Club Registration Form|http://www.samfyacouncil.gov.zm/wp-content/uploads/2023/12/CLUB-REGISTRATION-FORM.doc|doc|https://www.samfyacouncil.gov.zm/?page_id=1224|2026-09-11T15:58:35+00:00
RES0090|Samfya Town Council|Application Forms||Annexure-A-Form|pdf|http://www.samfyacouncil.gov.zm/wp-content/uploads/2023/12/Annexure-A-Form.pdf|https://www.samfyacouncil.gov.zm/?page_id=1224|2026-09-11T15:58:35Z|Samfya Town Council|application_forms||Annexure-A-Form|http://www.samfyacouncil.gov.zm/wp-content/uploads/2023/12/Annexure-A-Form.pdf|pdf|https://www.samfyacouncil.gov.zm/?page_id=1224|2026-09-11T15:58:35+00:00
