council|title_raw|published_date_raw|excerpt_raw|article_url|source_listing_page|article_text_raw|linked_document_urls|retrieved_at_utc
Samfya Town Council|ONE HUNDRED AND FOURTY GROUPS BAGS CDF GRANTS|September 3, 2026|2.8-million-kwacha Constituency Development Fund disbursed to one hundred and forty community groups in Samfya district in 2026 bring the accumulative beneficiary groups to over six hundred since 2022. The event officiated by Luapila Province Deputy Permanent Secretary Evans Sikabbuba and witness by traditional leaders in the district, brought the grants limbo to an end as… Continue reading ONE HUNDRED AND FOURTY GROUPS BAGS CDF GRANTS Published September 3, 2026 Categorized as Uncategorized|https://www.samfyacouncil.gov.zm/?p=2841|https://www.samfyacouncil.gov.zm/?cat=1|2.8-million-kwacha Constituency Development Fund disbursed to one hundred and forty community groups in Samfya district in 2026 bring the accumulative beneficiary groups to over six hundred since 2022. The event officiated by Luapila Province Deputy Permanent Secretary Evans Sikabbuba and witness by traditional leaders in the district, brought the grants limbo to an end as successful applicants received the empowerment grants. Speaking during the event Mr Sikabbuba said that the increased CDF reflects government’s commitment to decentralization by bringing resources, decision making and development closer to the communities. “Government has the annual Constituency Development Fund allocation for 1.6 million kwacha to 40.3 million per constituency. With Luapula province now having twenty constituencies, translating to more resources for community projects, skills development bursaries and empowerment.” He said.He added that government remains committed to improving service delivery, economic empowerment and livelihood in line with the decentralization agenda He ended by commending Samfya Town Council for prudent utilization of CDF resources and encouraged beneficiaries to invest responsibly for them to attain the intended cause. Speaking on behalf of the beneficiaries, Tabitha Chanda from the Samfya club for the disabled, thanked the state for coming to the aid of the vulnerable through programmes like the CDF. She added that the good leadership of President Hakainde Hichilema has exhibited a pro poor policies which are slowly but steadily changing the lives of the marginalised.||2026-09-11T15:59:58+00:00
Samfya Town Council|A 30 MILLION KWACHA HARBOR COMPLETED AND READY FOR USE|September 3, 2026|The government has constructed a harbor and support facilities in Samfya to enhance trade and tourism in the district and surrounding areas. The government through the Ministry of Transport and Logistics disbursed over 30 million kwacha for the construction of the harbor. The project contracted to Cecile Charms and Kalom investment, both local contractors, saw… Continue reading A 30 MILLION KWACHA HARBOR COMPLETED AND READY FOR USE Published September 3, 2026 Categorized as Uncategorized|https://www.samfyacouncil.gov.zm/?p=2839|https://www.samfyacouncil.gov.zm/?cat=1|The government has constructed a harbor and support facilities in Samfya to enhance trade and tourism in the district and surrounding areas. The government through the Ministry of Transport and Logistics disbursed over 30 million kwacha for the construction of the harbor. The project contracted to Cecile Charms and Kalom investment, both local contractors, saw the construction of a Landing Jet, nine key lodge with recreation facilities and a car park. The project has since been completed awaiting commissioning. Once operational the project will address the passengers’ and goods safety needs during boarding and loading as well as safety of water vessels during docking. The accommodation facility attached to the harbor will not only provide lodging space but also improve the revenue base of the Council.||2026-09-11T15:59:58+00:00
Samfya Town Council|GOVERNMENT BACKS SAMFYA INVESTMENT POTENTIAL WITH KEY PROJECTS|September 3, 2026|Tourism Information Center Guest Article By Marius Chisenga Economist Samfya District has, over the years, witnessed significant transformation through deliberate government interventions aimed at enhancing tourism, trade, transportation, infrastructure, and overall economic development. These investments are gradually positioning Samfya as one of the most strategic tourism and commercial centres in Luapula Province, leveraging its unique location on the… Continue reading GOVERNMENT BACKS SAMFYA INVESTMENT POTENTIAL WITH KEY PROJECTS Published September 3, 2026 Categorized as Uncategorized|https://www.samfyacouncil.gov.zm/?p=2837|https://www.samfyacouncil.gov.zm/?cat=1|Guest Article By Marius Chisenga Economist Chinsanka Market Shelter Interior of Chinsanka Market shelter 124-seater passenger boat Water activities on Lake Bangweulu Samfya District has, over the years, witnessed significant transformation through deliberate government interventions aimed at enhancing tourism, trade, transportation, infrastructure, and overall economic development. These investments are gradually positioning Samfya as one of the most strategic tourism and commercial centres in Luapula Province, leveraging its unique location on the shores of Lake Bangweulu and its historical importance as a fisheries and transport hub. One of the most notable interventions is the development and rehabilitation of the Samfya Harbour. The harbour has greatly improved water transport on Lake Bangweulu, facilitating the movement of people, goods, and services between Samfya and the various island communities such as Chishi Island, Chilubi Island, Lunga, Mbabala, Kasenga, Mwelela, and many others. This improved connectivity has strengthened trade networks, enhanced access to social services, reduced transportation challenges, and created opportunities for businesses that rely on lake transport. The harbour has also reinforced Samfya’s role as a regional gateway and has become a critical piece of infrastructure supporting both economic and social development. Complementing the harbour project is the government’s investment in Sun and Sandy Lodge, which represents a significant step towards unlocking Samfya’s tourism potential. The lodge provides quality accommodation for tourists, conference delegates, government officials, and business travellers visiting the district. Beyond providing hospitality services, the lodge stimulates the local economy through the creation of employment opportunities and increased demand for locally produced goods and services. Local farmers, fishermen, vegetable growers, poultry suppliers, and other small-scale entrepreneurs stand to benefit from the lodge’s operational needs. The facility therefore acts as a catalyst for local economic participation by creating a ready market for fish, vegetables, tomatoes, fruits, and other agricultural produce from surrounding communities. Further strengthening the tourism sector is the establishment of the Tourism Information Centre. The centre serves as an important platform for marketing and promoting Samfya’s rich tourism offerings, including the beautiful beaches, Lake Bangweulu, cultural heritage sites, fishing activities, birdlife, and recreational opportunities. By providing visitors with information about accommodation facilities, tourist attractions, local events, and cultural experiences, the centre enhances the visitor experience and increases the district’s attractiveness to both local and international tourists. In the long term, the Tourism Information Centre has the potential to attract investors into the tourism sector and stimulate the growth of supporting industries such as transport, hospitality, crafts, and entertainment. Collectively, these government interventions have already begun to generate positive outcomes for the district. They have improved infrastructure and public service delivery, increased tourism activity, enhanced Samfya’s visibility as a destination for both local and international visitors, created employment opportunities, stimulated trade, strengthened economic activity, and increased the potential for local revenue generation. Furthermore, these investments send a positive signal to private investors by demonstrating government’s commitment to developing the district and creating an enabling environment for business growth. Despite these achievements, there remains considerable opportunity to maximize the benefits of these investments through targeted policy actions and institutional strengthening. One key area is capacity building and revenue enhancement for the local authority. The Council should strengthen its revenue collection systems through digitization, improved property valuation, enhanced enforcement of local levies, and continuous staff capacity development. Increased locally generated revenue would enable the Council to finance more development projects independently and reduce excessive reliance on central government transfers, which may sometimes be delayed due to competing national priorities. The district would also benefit from a comprehensive Local Economic Development (LED) Strategy that focuses on sectors with the highest growth potential. Such a strategy should prioritize fisheries and aquaculture development, tourism promotion and diversification, support for small and medium enterprises, value addition to fish and agricultural products, youth entrepreneurship, and skills development. Given Samfya’s abundant natural resources, there is significant potential to create industries that process fish and agricultural produce locally, thereby creating jobs and increasing household incomes. Public-Private Partnerships (PPPs) should also be aggressively pursued to complement government investments. The Council should actively engage private investors in the development of hotels, resorts, marinas, entertainment facilities, fish processing plants, shopping complexes, and other commercial infrastructure. For example, the Tourism Information Centre could generate substantial revenue if managed through an innovative partnership with the private sector, transforming it from a purely administrative facility into a vibrant commercial and tourism promotion centre. Finally, community participation and skills development must remain central to Samfya’s development agenda. Local people should be equipped with practical skills in tourism, hospitality, business management, fisheries, aquaculture, environmental conservation, and entrepreneurship so that they can meaningfully participate in and benefit from emerging economic opportunities. Establishing a skills training institution or vocational training centre in Samfya would greatly support these efforts by producing the skilled workforce needed to sustain the district’s growing tourism, fisheries, and commercial sectors. In conclusion, government interventions such as the Samfya Harbour Project, Sun and Sandy Lodge, the Tourism Information Centre, and the construction of modern markets have laid a strong foundation for the district’s transformation. These investments have improved connectivity, stimulated tourism, enhanced trade, created employment opportunities, and increased prospects for economic growth. However, realizing the full potential of these projects will require stronger council capacity, improved revenue collection, strategic beautification efforts, robust local economic development planning, active public-private partnerships, and continued investment in skills development. With sustained commitment and effective implementation, Samfya has the potential to emerge as one of Zambia’s leading lakeside tourism destinations and economic growth centres. Marius the ngumbo village economist||2026-09-11T15:59:58+00:00
Samfya Town Council|TOWNSHIP ROAD MAINTAINANCE SOLIDIFIED WITH GOVERNMENT FUNDING|September 3, 2026|Government through the Ministry of Local Government and Rural Development has funded the maintenance of twenty-two kilometers of township roads. This is in an effort to enhance traffic safety and the ambiance of the district as a government’s resolve to give Samfya a facelift as a Tourism Capital for the Northern Circuit. The Local Authority… Continue reading TOWNSHIP ROAD MAINTAINANCE SOLIDIFIED WITH GOVERNMENT FUNDING Published September 3, 2026 Categorized as Uncategorized|https://www.samfyacouncil.gov.zm/?p=2834|https://www.samfyacouncil.gov.zm/?cat=1|Government through the Ministry of Local Government and Rural Development has funded the maintenance of twenty-two kilometers of township roads. This is in an effort to enhance traffic safety and the ambiance of the district as a government’s resolve to give Samfya a facelift as a Tourism Capital for the Northern Circuit. The Local Authority has since engaged a Chakod Contractors Limited at the project sum of 2.3 million kwacha, and is expected to address the revamp the road signs needs and the necessary road markings. the project has been funded under the ministry’s road fund. The works have reached an advanced stage, and the contractor has pledged to complete the project within schedule. During the implementation phase, the project has created multiple temporal employment opportunities for the Local people. Moses Chama, a Samfya resident who has been employed as a general worker by Chakod Contractors appreciated the government for prioritizing local contractors stating that through contracts sought from the Council, local youths have constantly benefitted through job opportunities for both skilled and unskilled. “We apprecite the government for providing such opportunities through the Local Authority, we the youths have been given jobs by the contractors working on various projects in the district” he said.||2026-09-11T15:59:58+00:00
Samfya Town Council|Traditional leaders in Samfya rally behind upcoming Luapula Expo|April 12, 2026|Left to right: Land Surveyor, Council chairperson, Snr. Chief Kalasa Mukoso and Director of Development Planning Senior Chief Kalasa Mukoso of Samfya District has hailed the government for organising an investment expo in Luapula province. This came to light when the Council lead by the Council Chairperson James Kapilila in the company of the Council Secretary’s office represented by the Director of Development Planning Naomi Tembo Phiri, paid a courtesy call… Continue reading Traditional leaders in Samfya rally behind upcoming Luapula Expo Published April 12, 2026 Categorized as Uncategorized|https://www.samfyacouncil.gov.zm/?p=2689|https://www.samfyacouncil.gov.zm/?cat=1|Senior Chief Kalasa Mukoso of Samfya District has hailed the government for organising an investment expo in Luapula province. This came to light when the Council lead by the Council Chairperson James Kapilila in the company of the Council Secretary’s office represented by the Director of Development Planning Naomi Tembo Phiri, paid a courtesy call on the senior chief at his palace. The traditional leader said such initiatives are welcome as they will shape the investment landscape of the region and aid economic transformation for the citizens. He urged all the stakeholders to collaborate with traditional leaders in order to achieve the intended goal adding that they are the custodians of land and guardians of the people. “The chiefs and all the traditional leadership structures in the district are ready to work with the government, we have land available for various development undertakings. It is our hope that the potential investors will work with the local people as a way of empowerment and poverty reduction.” Said Senior Chief Kalasa Mukoso. The traditional leader encouraged the government through the Council to provide a well segmented plan which will guide potential investors and all stakeholders involved for the district to attract strategic development. Meanwhile, the Council Chairperson enlightened the Chief on the tentative activities lined up during the provincial expo citing the climax of the activity which will be graced by the President Mr. Hakainde Hichilema. He said the activity will help the district showcase its potential with well presented proposals in tourism, aquaculture and agriculture sectors as the major once while showcasing potential in cattle ranching, education, recreation and health. Imbowa fish -Auchenoglanis family Fish cages on lake Chinwenshiba Samfya Tourism Information Center||2026-09-11T15:59:58+00:00
Samfya Town Council|SAMFYA YOUTHS APPLAUDS GOVERNMENT FOR PROFFESSIONAL ENROLLMENT OPPORTUNITY PROVIDED BY THE CONSTITUENCY DEVELOPMENT FUND|February 23, 2026|Left to right: Gloria Soseni, Moses Bwalya, Astridah Mubanga and Racheal Mwansa Students at the newly established Bangweulu School of Nursing and Midwifery in Samfya district have expressed gratitude to the government for the opportunity to pursue higher education. The school, which came to realization through the 2023 Constituency development Fund for Bangweulu Constituency brought to life a dilapidated building with modern facilities installed and a new… Continue reading SAMFYA YOUTHS APPLAUDS GOVERNMENT FOR PROFFESSIONAL ENROLLMENT OPPORTUNITY PROVIDED BY THE CONSTITUENCY DEVELOPMENT FUND Published February 23, 2026 Categorized as Uncategorized|https://www.samfyacouncil.gov.zm/?p=2679|https://www.samfyacouncil.gov.zm/?cat=1|Students at the newly established Bangweulu School of Nursing and Midwifery in Samfya district have expressed gratitude to the government for the opportunity to pursue higher education. The school, which came to realization through the 2023 Constituency development Fund for Bangweulu Constituency brought to life a dilapidated building with modern facilities installed and a new waterborne ablution block constructed is part of the government’s quest to increase access to quality education. The youths spoken to who hail from the rural parts of Samfya; Twiingi and Katanshya communities respectively, praised government’s initiative saying it’s changing lives and opening doors to better future. Gloria Soseni a resident of Katanshya said having a facility brought in Samfya has made it possible for her to pursue her dreams of becoming a nurse. “We are happy that we have our own institution in Samfya, it is near to our homes making it easy for us to access enrolment opportunities.” Soseni said. Racheal Mwansa added a thankful note to the government for the CDF initiative saying it was not easy for her to be accepted in other institutions owing to higher population. “Am thankful to the government for expanding the CDF which has brought this school to life, giving us Samfya residents a higher chance of enrollment. The government has given us a chance to achieve our dreams, especially us students coming from the rural areas” She also extended gratitude to the school management for giving priority to Samfya applicants during enrollment. Meanwhile Astridah Mubanga gave an account of how difficult it was for her to access tertiary education from other provinces like Lusaka while Moses Bwalya added that the institution has brought many opportunities for them as students and the people of Samfya who are providing support services such as accommodation and other requisites for their stay and that of the tutoring staff. Speaking in a separate interview, the Council Secretary Handson Kachenjela echoed that Bangweulu College of Nursing and Midwifery aligns with the government’s effort to reduce inequality through education and other empowerment initiatives targeted at youths. “CDF initiative in education is aimed at bridging the gap between urban and rural areas. This institution is part of governments efforts to enhance quality education for all, employment creation and stimulation of economic growth. To ensure quality education is attained, the government has provided adequate tutoring staff, a school bus and a utility vehicle.” He spoke. The institution opened its doors to learner in June 2025 and has two cohorts with the current student population standing at ninety-nine. First cohort students Second cohort students First cohort students Improved Bangweulu College of Nursing and Mid Wifery||2026-09-11T15:59:58+00:00
Samfya Town Council|SAMFYA TOWN COUNCIL AND NORTEC FORMS A PACT|February 11, 2026|Samfya Town and The Northern Technical College (NORTEC) have agreed to work in cohesion in order achieve the desired competences in bursaries beneficiaries and enhance skills development in Bangweulu Constituency of Samfya district.The two institutions have agreed to explore areas of mutual interest. This was during a stakeholders engagement meeting held at NORTEC. The Council… Continue reading SAMFYA TOWN COUNCIL AND NORTEC FORMS A PACT Published February 11, 2026 Categorized as Uncategorized|https://www.samfyacouncil.gov.zm/?p=2669|https://www.samfyacouncil.gov.zm/?cat=1|Samfya Town and The Northern Technical College (NORTEC) have agreed to work in cohesion in order achieve the desired competences in bursaries beneficiaries and enhance skills development in Bangweulu Constituency of Samfya district.The two institutions have agreed to explore areas of mutual interest. This was during a stakeholders engagement meeting held at NORTEC. The Council Secretary, Handson Kachenjela in the Company of the Samfya Council Chairperson James Kapilila and the Constituency Development Fund Committee (CDFC) Chairperson Simon Chibesakunda met with NORTECT Chief Executive Officer Martin Kasonso, who was in the company of the institution’s Board chairperson Counsel. Lawrence Matibini and the school’s Training Manager at the Ndola campus. The engagement was majorly surrounding the welfare of beneficiaries and is expected to spill over to internship opportunities for students, outside campus orientation and refresher programs for Inservice staff and ultimately contributing to the development of the region. Emphasizing on the need for these strategic collaborations, Samfya Council Secretary said that while the pact may not be binding, it sets a stage for future collaborations and potential agreements. He added that the two parties are looking to leverage on each other’s strengths to achieve common goals. “We are optimistic about the potential benefits this corporate engagement will have on the people of Samfya as we look forward to exploring areas of cooperation.” He said the government through CDF has capacitated Samfya Town Council with Heavy Duty Equipment in addition to the empowerment programs, bursaries and construction projects. “CDF has made councils across the country have a comparative advantage for trade-based students who intend to acquire experience through internship, the availability of earth moving equipment provides a safe space for practical experience and employment opportunities.” He added Meanwhile NORTEC Board Chairperson praised the stance taken by Samfya Town Council to appreciate the spaces accommodating students from Bangweulu Constituency. Counsel Matibini said such visits give the school management a reason to always be alert in a bid to assure quality. “Interpersonal engagements create trust and builds great corporate bonds which translates to solutions for existing challenges as well as future threats.” He said. In addition, he echoed on the need for both parties to keep in view of the critical sector that is being supported by CDF. “CDF has come from a realization that education is critical as the president emphasized.” The Council officials took to time to interact with the students from Bangweulu constituency in their training spaces and pledged for continued support in accordance with the provision of available guidelines.||2026-09-11T15:59:58+00:00
Samfya Town Council|SAMFYA DISTRICT SEES BOOST IN FEEDER ROADS CONSTRUCTION|December 9, 2025|Samfya Town Council has intensified efforts to construct and rehabilitate feeder roads in the district, aiming to improve accessibility, connectivity and trade. This move is part of the government’s ambitious quest to enhance road infrastructure with the Constituency Development Fund allocating resources. The project has been made possible owing to the availability of earth… Continue reading SAMFYA DISTRICT SEES BOOST IN FEEDER ROADS CONSTRUCTION Published December 9, 2025 Categorized as Uncategorized|https://www.samfyacouncil.gov.zm/?p=2429|https://www.samfyacouncil.gov.zm/?cat=1|Samfya Town Council has intensified efforts to construct and rehabilitate feeder roads in the district, aiming to improve accessibility, connectivity and trade. This move is part of the government’s ambitious quest to enhance road infrastructure with the Constituency Development Fund allocating resources. The project has been made possible owing to the availability of earth moving equipment procured using the Constituency Development Fund and over three-million-kwacha annual allocations to roads component of the fund. A total of twenty-six kilometers of township roads has so far been concluded and thirty kilometers of feeder roads opened up. This came to light when the Council Secretary Handson Kachenjela conducted spot check on the progress of the grading of feeder roads in Kalasa Mukoso of Musaba Ward. The project involves rehabilitation, grading and spot dumbing of laterite in critical artery in Mwense, Chipushi, Old Airstrip, Banda and Mwamfuli settlements of Mano and Lupili Wards respectively while feeder roads in Kalasa Mukoso and Mabo Kunda have been graded. Mr. Kachenjela highlighted the state and progress made and stated that a two million Kwacha project was contracted to the Zambia National Service, supported by the Land Development Fund from the Ministry of Lands to aided the opening up of four Kilometers of major roads in the newly created site earmarked for both residential and commercial development with over four hundred plots created in Mashinge settlement of Mano Ward in addition to the CDF funded roads. “The contractor has since completed and handed over the project to the Local Authority.” He said “The Council is excited to actualize the construction of the much-needed facility which has extensively improved the sale of plots in a newly created site in Mashinge. In addition, the construction of feeder roads is boosting economic activities especially in agriculture and fisheries while improving access to social services such as education and health care.” He added The roads construction project in Samfya is yet to be rolled out to other parts of the district owing to the availability of funds from the CDF.||2026-09-11T15:59:58+00:00
Samfya Town Council|SAMFYA YOUTHFUL ENTREPRENUERS MANIFEST QUALITY WORK|December 9, 2025|The local Authority has expressed satisfaction with the work output presented by youthful Samfya contractors and suppliers of various Constituency Development Fund (CDF) projects. This came to light when the Council Chairperson James Kapilila witnessed the delivery of school desks at Chang’wena Primary School. The civic leader attributed this to the insistence of the new… Continue reading SAMFYA YOUTHFUL ENTREPRENUERS MANIFEST QUALITY WORK Published December 9, 2025 Categorized as Uncategorized|https://www.samfyacouncil.gov.zm/?p=2416|https://www.samfyacouncil.gov.zm/?cat=1|Police Annex constructed by Auto Benku The Council Chairperson with the pupils of Chang’wena Primary School The CDF monitoring team inspecting the desks before dispatch to designated schools The local Authority has expressed satisfaction with the work output presented by youthful Samfya contractors and suppliers of various Constituency Development Fund (CDF) projects. This came to light when the Council Chairperson James Kapilila witnessed the delivery of school desks at Chang’wena Primary School. The civic leader attributed this to the insistence of the new dawn government to entrust the CDF projects to local contractors and suppliers. “It is pleasing to witness the realization of this treasured national development that speaks to the Sustainable Development Goal (SDG 1) which calls for an end to poverty in all its manifestation by 2030 . It is through empowerment of the younger generation that the district will be guaranteed of a solid economic future instigated by the availability of youthful entrepreneurs who have manifested good workmanship.” He said. Leadership in Samfya is confident that the future of the sector will improve because Local contractors would have acquired the necessary experience. Cleseph general dealers own by thirty two year old Cletus Benard Musangulule supplied one hundred and seventy five school desks to Kabanga and Chang’wemna Primary Schools. Apart from Cleseph general dealers, Auto Bernku Architects is another company that has delivered to the expectation of the authority by constructing a police annexure at Samfya Police Station. The company own by a twenty nine year old Bernard Kupa.||2026-09-11T15:59:58+00:00
Samfya Town Council|SAMFYA ENTREPRENUERS IN FINANCIAL HEAVE|December 9, 2025|Samfya Town Council disburse over two million four hundred thousand kwacha, to over one hundred indigenous business through the government’s ambitious empowerment quest under the Constituency Development Fund (CDF) for Bangweulu Constituency. Luapula ProvincePermanent Secretary Prudence Chinama handed over the funds to the successful applicants in a celebratory event that took place at the Samfya… Continue reading SAMFYA ENTREPRENUERS IN FINANCIAL HEAVE Published December 9, 2025 Categorized as Uncategorized|https://www.samfyacouncil.gov.zm/?p=2364|https://www.samfyacouncil.gov.zm/?cat=1|Benifitiaries pose for a photo with the PS The Council Chairperson Introducing District and Council management staff The PS addressing beneficiaries Samfya Town Council disburse over two million four hundred thousand kwacha, to over one hundred indigenous business through the government’s ambitious empowerment quest under the Constituency Development Fund (CDF) for Bangweulu Constituency. Luapula ProvincePermanent Secretary Prudence Chinama handed over the funds to the successful applicants in a celebratory event that took place at the Samfya Library. The Permanent Secretary said that the new dawn government is determined to promote social equity which is key to sustainable development which is anchored on the principles of equality and non-discrimination. She said that it is the desire of the government on a larger scale to lead a poverty free nation, and it is through such steps that future generations will appreciate the current efforts as well as reciprocate for the other generations to come. Mrs. Chinama echoed that the loans are expected to give a boost to the economy of samfya through the various business activities that the recipients will be undertaking. “My appeal to you all is that you emulate the government’s policy of procurement of local supplies for these funds to remain in the district and in turn support other local trades. These loans have been provided by the government on the principles of equality, mutual benefit and sustainability without any political preconditions attached.” She added The Permanent Secretary advised the recipients to utilize the funds prudently and warned on the consequences of defaulting. “I strongly remind you that this empowerment you have acquired today is a loan that must be repaid within the required time frame. Those planning to default will surely be dealt with by the law”||2026-09-11T15:59:58+00:00
Samfya Town Council|SAMFYA’S CHINSANKA AND MABO KUNDA COMMUNITIES RECEIVE NEW HEALTH FACILITIES|December 9, 2025|The Constituency Development Fund (CDF) in Zambia has been instrumental in financing developmental projects in Samfya District. With the latest being Chinsanka and Mabo Kunda Communities of Kapata and Isamba wards of Bangweulu Constituency benefiting from this government budget allocation mechanism which has seen the construction of two maternity annexes in a bid to improve… Continue reading SAMFYA’S CHINSANKA AND MABO KUNDA COMMUNITIES RECEIVE NEW HEALTH FACILITIES Published December 9, 2025 Categorized as Uncategorized|https://www.samfyacouncil.gov.zm/?p=2346|https://www.samfyacouncil.gov.zm/?cat=1&paged=2|Mabo Kunda Maternity Annex The Permanent Secretary and other senior government officials appreciating the furniture The Permanent Secretary giving a keynote address Chinsanka Maternity annex ablution block The Constituency Development Fund (CDF) in Zambia has been instrumental in financing developmental projects in Samfya District. With the latest being Chinsanka and Mabo Kunda Communities of Kapata and Isamba wards of Bangweulu Constituency benefiting from this government budget allocation mechanism which has seen the construction of two maternity annexes in a bid to improve healthcare services and provide better facilities for the community. The construction of health facilities through CDF is expected to enhance healthcare delivery and improve the overall well-being of the community in Samfya District. The facilities have since been commissioned by the Permanent Secretary for Luapula Province Mrs. Prudence Chinama. During the commissioning of the maternity annexes, the Permanent Secretary expressed satisfaction with the stance Samfya Town Council has taken in observing the ideology of President Hakainde Hichilema and his administration on maternal health. She said that the government has put in place various measures to ensure that primary health care for the general populace is gauranteed through such interventions. Women in Mabo Kunda of Isamba ward will from henceforth have descent environment that will preserve their indignity during the prenatal, antenatal, child delivery and post-natal care. she urged expectant mothers to utilize the constructed facilities in order to safeguard the lives of their newborn. “I implore all the women and men of this locality to ensure that all expecting mothers deliver from the facilities and desist from home deliveries”. She said The facility constructed using CDF at the cost of two million two hundred and fifty-six thousand kwacha is fully furnished maternity annex, ready for use. This project has come at an opportune time as it is aimed at enhancing capacity of the health sector in the district. The human resource for the improved rural health center is guaranteed as we have constantly witnessed the massive recruitment of health workers in the country during this administration in a bid to cement and strengthen service provision. Chinsanka Rural Health Center is one of the busiest health facilities given the population magnitude of the area. The facility already plays an important role in health care delivery. The one million one hundred and eighty-one thousand maternity annex constructed will enhance the ability of the rural health center.||2026-09-11T16:00:06+00:00
Samfya Town Council|SAMFYA COMMISSIONS CDF AMBULANCE|December 9, 2025|CDF AMBULANCE Celebration it is for the people of Bangweulu Constituency, Samfya District, for an addition to the health sector. The ambulance received from CDF will provide the much-needed transport for referral cases across the district. A celebratory event took place at the Civic Centre grounds and was preceded over by the District Commissioner Ms. Favourite Musangu. Published December 9, 2025 Categorized as Uncategorized|https://www.samfyacouncil.gov.zm/?p=2352|https://www.samfyacouncil.gov.zm/?cat=1&paged=2|CDF AMBULANCE AMBULANCE HANDING OVER SAMFYA DISTRICT COMMISIONER Celebration it is for the people of Bangweulu Constituency, Samfya District, for an addition to the health sector. The ambulance received from CDF will provide the much-needed transport for referral cases across the district. A celebratory event took place at the Civic Centre grounds and was preceded over by the District Commissioner Ms. Favourite Musangu.||2026-09-11T16:00:06+00:00
Samfya Town Council|SAMFYA DISTRICT RIPE FOR TOURISM DEVELOPMENT|December 8, 2025|Samfya District has received massive investment to support the Tourism sector for the Northern Circuit. Positioned as a tourism capital for tourism in the Northen Circuit, the Government has prioritized investment in Tourism Information through the construction of a Tourism Information Center located at the Samfya Beach. The facility is aimed at providing vital… Continue reading SAMFYA DISTRICT RIPE FOR TOURISM DEVELOPMENT Published December 8, 2025 Categorized as Uncategorized|https://www.samfyacouncil.gov.zm/?p=2336|https://www.samfyacouncil.gov.zm/?cat=1&paged=2|Beach vending project at the Samfya Beach Hospitality facility in Samfya Extract of the Investment Profile Samfya District has received massive investment to support the Tourism sector for the Northern Circuit. Positioned as a tourism capital for tourism in the Northen Circuit, the Government has prioritized investment in Tourism Information through the construction of a Tourism Information Center located at the Samfya Beach. The facility is aimed at providing vital information to visitors of the sites and other tourism products found in the circuit and the nation as a whole. The launch of the Tourism Information Center has necessitated the birth to the various initiatives aimed at improving the traffic of tourist in the district such as The Beach Vending Initiative. The government investment has enabled Samfya to be a preferred destination for investment as exhibited through the upswing in infrastructure development from private sector. With attractions like the Samfya Beach, and the Bangweulu Wetlands Game Reserve, culture and gastronomy offering, the district offers activities such as fishing, boat cruises, and beach volleyball, making it an attractive destination for nature lovers and adventure seekers as well as investors.||2026-09-11T16:00:06+00:00
Samfya Town Council|Samfya in CDF infrastructure upsurge|February 3, 2024|Samfya district has witnessed a spike in infrastructure development across the ten wards of Bangweulu constituency owing to the increased Constituency Development Fund (CDF), recording seventeen construction projects from the 2022 funding The twelve million eight hundred kwacha worth of projects from the 2022 funding has built nineteen (19) classrooms expected to accommodate over 700… Continue reading Samfya in CDF infrastructure upsurge Published February 3, 2024 Categorized as Uncategorized|https://www.samfyacouncil.gov.zm/?p=1644|https://www.samfyacouncil.gov.zm/?cat=1&paged=2|Samfya district has witnessed a spike in infrastructure development across the ten wards of Bangweulu constituency owing to the increased Constituency Development Fund (CDF), recording seventeen construction projects from the 2022 funding The twelve million eight hundred kwacha worth of projects from the 2022 funding has built nineteen (19) classrooms expected to accommodate over 700 pupils and five (5) Health facilities across the district. The Local Authority is very optimistic that the health and education facilities will help in addressing the challenges the residents in benefiting areas have been encountering such as covering long distances as well as respond to the government’s call to bridge social inequalities that exists as a result of lack of basic social services such as education and health care services. Other construction projects funded under 2022 CDF are Samfya Police Station annex and sanitation facility at Samfya Correctional Facility to the increased demand for sanitation relief instigated by the rise in numbers of inmates at the facility. The Local is determined to uphold the developmental ideologies of an all-inclusive development of leaving no one behind including the incarcerated. Roads infrastructure as a critical need for the people of Luame in Senior Chief Kalasa Mukoso’s chiefdom was reacted to with spot improvement on areas prone to flooding along the Kalasa Mukoso Luame road. Samfya Town Council upholds the roads sector as the major drive for sustainable economic. The Local Authority is determined to correspond with the government’s financing ability exhibited through the consistent funding of the constituencies which in turn has translated to infrastructure investment by the Council.||2026-09-11T16:00:06+00:00
Samfya Town Council|SAMFYA PROCURES EARTH MOVING EQUIPMENT|December 5, 2023|Samfya Town Council has procured earth moving equipment for infrastructure and road construction purposes using the 2022 Constituency Development Fund for Bangweulu Constituency. The Council has procured a TLB and a compactor to service the community. This has elated the residents of Samfya as it has come as guarantee for maintenance and Construction of new… Continue reading SAMFYA PROCURES EARTH MOVING EQUIPMENT Published December 5, 2023 Categorized as Uncategorized|https://www.samfyacouncil.gov.zm/?p=1280|https://www.samfyacouncil.gov.zm/?cat=1&paged=2|Samfya Town Council has procured earth moving equipment for infrastructure and road construction purposes using the 2022 Constituency Development Fund for Bangweulu Constituency. The Council has procured a TLB and a compactor to service the community. This has elated the residents of Samfya as it has come as guarantee for maintenance and Construction of new roads in the district. CDF PURCHASE||2026-09-11T16:00:06+00:00
Samfya Town Council|SAMFYA TOURISM ON THE SPOTLIGHT|December 5, 2023|Samfya Town Council has set tourism as a priority investment sector owing to the natural attractions that the district has. In a bid to improve the tourists and Invesment traffic in the district, the Local Authority with support from the Ministry of Tourism constructed a Tourism Information Center under the Tourism Development Fund (TDF) amounting… Continue reading SAMFYA TOURISM ON THE SPOTLIGHT Published December 5, 2023 Categorized as Uncategorized|https://www.samfyacouncil.gov.zm/?p=1278|https://www.samfyacouncil.gov.zm/?cat=1&paged=2|Samfya Town Council has set tourism as a priority investment sector owing to the natural attractions that the district has. In a bid to improve the tourists and Invesment traffic in the district, the Local Authority with support from the Ministry of Tourism constructed a Tourism Information Center under the Tourism Development Fund (TDF) amounting to over two million kwacha. The facility was officially launched by the Minister of Tourism Hon. Rodney Sikumba. The facility has opened up to more investment opportunities in the district as it is serving as the information hub for the Northern Circuit Tourism.||2026-09-11T16:00:06+00:00
Samfya Town Council|SAMFYA SCHOOLS IN A DESK BONANZA|December 5, 2023|DESKS Samfya Town Council has procured four thousand two hundred and forty-nine desks for schools in all the ten wards of Samfya district amounting to over six million kwacha under the 2023 Bangweulu Constituency Development Fund. This translates to seventy percent of the total desk deficit the district registered in liaison with the department of education.… Continue reading SAMFYA SCHOOLS IN A DESK BONANZA Published December 5, 2023 Categorized as Uncategorized|https://www.samfyacouncil.gov.zm/?p=1273|https://www.samfyacouncil.gov.zm/?cat=1&paged=2|Samfya Town Council has procured four thousand two hundred and forty-nine desks for schools in all the ten wards of Samfya district amounting to over six million kwacha under the 2023 Bangweulu Constituency Development Fund. This translates to seventy percent of the total desk deficit the district registered in liaison with the department of education. This has brought excitement among the school going children as well as the general populace of Samfya. The Local Authority is working in accordance with the presidential directive and the policies of the government in the provision of descent learning environment for all children regardless of social status and locality. Meanwhile, the Local Authority has constructed four new classroom blocks under the 2022 CDF for Bangwelu Constituency. 1X3 Classroom block at Chang’wena Primary School DESKS||2026-09-11T16:00:06+00:00
Samfya Town Council|ASDFGHJK|November 28, 2023|Published November 28, 2023 Categorized as Uncategorized|https://www.samfyacouncil.gov.zm/?p=1157|https://www.samfyacouncil.gov.zm/?cat=1&paged=2|||2026-09-11T16:00:06+00:00
Samfya Town Council|SAMFYA TOWN COUNCIL PUBLIC NOTICE|July 16, 2023|Published July 16, 2023 Categorized as Uncategorized|https://www.samfyacouncil.gov.zm/?p=1085|https://www.samfyacouncil.gov.zm/?cat=1&paged=2|||2026-09-11T16:00:06+00:00
Samfya Town Council|SAMFYA TOWN COUNCIL CLEANS BEACH|July 16, 2023|Samfya Town Council officers clearing the beach. Published July 16, 2023 Categorized as Uncategorized|https://www.samfyacouncil.gov.zm/?p=1071|https://www.samfyacouncil.gov.zm/?cat=1&paged=2|Samfya Town Council officers clearing the beach.||2026-09-11T16:00:06+00:00
Samfya Town Council|STC CLEANS!!|July 16, 2023|A combined team of officers from Samfya Town Council, Access Water, and the Department of Health conducted a general cleaning exercise of the mother’s shelter at Samfya District Hospital. Published July 16, 2023 Categorized as Uncategorized|https://www.samfyacouncil.gov.zm/?p=1065|https://www.samfyacouncil.gov.zm/?cat=1&paged=3|A combined team of officers from Samfya Town Council, Access Water, and the Department of Health conducted a general cleaning exercise of the mother’s shelter at Samfya District Hospital.||2026-09-11T16:00:14+00:00
